Reactions,Flux
DM_4crsol_c,0
DM_5drib_c,0
DM_aacald_c,0
DM_amob_c,0
DM_mththf_c,0
DM_oxam_c,0
BIOMASS_Ec_iJO1366_WT_53p95M,-0
BIOMASS_Ec_iJO1366_core_53p95M,0.242
EX_12ppd__R_e,0
EX_12ppd__S_e,0
EX_14glucan_e,-0
EX_15dap_e,-0
EX_23camp_e,0
EX_23ccmp_e,0
EX_23cgmp_e,0
EX_23cump_e,0
EX_23dappa_e,0
EX_26dap__M_e,0
EX_2ddglcn_e,0
EX_34dhpac_e,0
EX_3amp_e,0
EX_3cmp_e,0
EX_3gmp_e,0
EX_3hcinnm_e,0
EX_3hpp_e,-0
EX_3hpppn_e,0
EX_3ump_e,0
EX_4abut_e,0
EX_4hoxpacd_e,0
EX_5dglcn_e,0
EX_5mtr_e,-0
EX_LalaDglu_e,0
EX_LalaDgluMdap_e,0
EX_LalaDgluMdapDala_e,0
EX_LalaLglu_e,0
EX_ac_e,8.208
EX_acac_e,0
EX_acald_e,0
EX_acgal_e,0
EX_acgal1p_e,0
EX_acgam_e,0
EX_acgam1p_e,0
EX_acmana_e,0
EX_acmum_e,-0
EX_acnam_e,0
EX_acolipa_e,0
EX_acser_e,0
EX_ade_e,0
EX_adn_e,0
EX_adocbl_e,-0
EX_ag_e,-0
EX_agm_e,-0
EX_akg_e,0
EX_ala_B_e,0
EX_ala__D_e,0
EX_ala__L_e,0
EX_alaala_e,0
EX_all__D_e,0
EX_alltn_e,0
EX_amp_e,0
EX_anhgm_e,0
EX_arab__L_e,0
EX_arbt_e,-0
EX_arbtn_e,0
EX_arbtn_fe3_e,0
EX_arg__L_e,0
EX_ascb__L_e,0
EX_asn__L_e,0
EX_aso3_e,-0
EX_asp__L_e,0
EX_btn_e,0
EX_but_e,0
EX_butso3_e,0
EX_ca2_e,-0.001
EX_cbi_e,-0
EX_cbl1_e,-0
EX_cd2_e,-0
EX_cgly_e,0
EX_chol_e,0
EX_chtbs_e,0
EX_cit_e,0
EX_cl_e,-0.001
EX_cm_e,-0
EX_cmp_e,0
EX_co2_e,-0.088
EX_cobalt2_e,-0
EX_colipa_e,0
EX_colipap_e,0
EX_cpgn_e,0
EX_cpgn_un_e,0
EX_crn_e,0
EX_crn__D_e,0
EX_csn_e,0
EX_cu_e,0
EX_cu2_e,-0
EX_cyan_e,0
EX_cynt_e,0
EX_cys__D_e,0
EX_cys__L_e,0
EX_cytd_e,0
EX_dad_2_e,0
EX_damp_e,0
EX_dca_e,0
EX_dcmp_e,0
EX_dcyt_e,0
EX_ddca_e,-0
EX_dgmp_e,0
EX_dgsn_e,0
EX_dha_e,0
EX_dimp_e,0
EX_din_e,0
EX_dms_e,0
EX_dmso_e,0
EX_dopa_e,0
EX_doxrbcn_e,-0
EX_dtmp_e,0
EX_dump_e,0
EX_duri_e,0
EX_eca4colipa_e,0
EX_enlipa_e,0
EX_enter_e,0
EX_etha_e,0
EX_ethso3_e,0
EX_etoh_e,8.078
EX_f6p_e,0
EX_fald_e,0
EX_fe2_e,-0.002
EX_fe3_e,-0.002
EX_fe3dcit_e,-0
EX_fe3dhbzs_e,-0
EX_fe3hox_e,0
EX_fe3hox_un_e,0
EX_fecrm_e,0
EX_fecrm_un_e,0
EX_feenter_e,0
EX_feoxam_e,0
EX_feoxam_un_e,0
EX_for_e,17.283
EX_fru_e,0
EX_frulys_e,0
EX_fruur_e,0
EX_fuc__L_e,0
EX_fum_e,0
EX_fusa_e,-0
EX_g1p_e,0
EX_g3pc_e,0
EX_g3pe_e,0
EX_g3pg_e,0
EX_g3pi_e,0
EX_g3ps_e,0
EX_g6p_e,0
EX_gal_e,0
EX_gal_bD_e,0
EX_gal1p_e,0
EX_galct__D_e,-0
EX_galctn__D_e,0
EX_galctn__L_e,0
EX_galt_e,-0
EX_galur_e,0
EX_gam_e,0
EX_gam6p_e,0
EX_gbbtn_e,-0
EX_gdp_e,0
EX_glc__D_e,-10
EX_glcn_e,0
EX_glcr_e,-0
EX_glcur_e,0
EX_glcur1p_e,0
EX_gln__L_e,0
EX_glu__L_e,0
EX_gly_e,0
EX_glyald_e,0
EX_glyb_e,-0
EX_glyc_e,0
EX_glyc__R_e,0
EX_glyc2p_e,0
EX_glyc3p_e,0
EX_glyclt_e,0
EX_gmp_e,0
EX_gsn_e,0
EX_gthox_e,-0
EX_gthrd_e,0
EX_gtp_e,0
EX_gua_e,0
EX_h_e,27.872
EX_h2_e,0
EX_h2o_e,-1.709
EX_h2o2_e,-0
EX_h2s_e,-0
EX_hacolipa_e,0
EX_halipa_e,0
EX_hdca_e,-0
EX_hdcea_e,-0
EX_hg2_e,-0
EX_his__L_e,0
EX_hom__L_e,-0
EX_hxa_e,-0
EX_hxan_e,0
EX_idon__L_e,0
EX_ile__L_e,0
EX_imp_e,0
EX_indole_e,0
EX_inost_e,0
EX_ins_e,0
EX_isetac_e,0
EX_k_e,-0.047
EX_kdo2lipid4_e,0
EX_lac__D_e,0
EX_lac__L_e,-0
EX_lcts_e,0
EX_leu__L_e,0
EX_lipa_e,0
EX_lipa_cold_e,0
EX_lipoate_e,-0
EX_lys__L_e,0
EX_lyx__L_e,0
EX_mal__D_e,0
EX_mal__L_e,0
EX_malt_e,-0
EX_malthx_e,-0
EX_maltpt_e,-0
EX_malttr_e,-0
EX_maltttr_e,-0
EX_man_e,0
EX_man6p_e,0
EX_manglyc_e,0
EX_melib_e,0
EX_meoh_e,0
EX_met__D_e,-0
EX_met__L_e,0
EX_metsox_R__L_e,0
EX_metsox_S__L_e,0
EX_mg2_e,-0.002
EX_mincyc_e,-0
EX_minohp_e,-0
EX_mmet_e,0
EX_mn2_e,-0
EX_mnl_e,0
EX_mobd_e,-0
EX_mso3_e,0
EX_n2o_e,0
EX_na1_e,-0
EX_nac_e,0
EX_nh4_e,-2.608
EX_ni2_e,-0
EX_nmn_e,0
EX_no_e,0
EX_no2_e,0
EX_no3_e,0
EX_novbcn_e,-0
EX_o16a4colipa_e,-0
EX_o2_e,0
EX_o2s_e,-0
EX_ocdca_e,-0
EX_ocdcea_e,-0
EX_octa_e,0
EX_orn_e,0
EX_orot_e,0
EX_pacald_e,0
EX_peamn_e,0
EX_phe__L_e,0
EX_pheme_e,0
EX_pi_e,-0.233
EX_pnto__R_e,0
EX_ppa_e,0
EX_ppal_e,0
EX_pppn_e,0
EX_ppt_e,0
EX_pro__L_e,0
EX_progly_e,0
EX_psclys_e,0
EX_pser__L_e,0
EX_ptrc_e,0
EX_pydam_e,0
EX_pydx_e,0
EX_pydxn_e,0
EX_pyr_e,0
EX_quin_e,0
EX_r5p_e,0
EX_rfamp_e,-0
EX_rib__D_e,0
EX_rmn_e,0
EX_sbt__D_e,0
EX_sel_e,-0
EX_ser__D_e,0
EX_ser__L_e,0
EX_skm_e,0
EX_slnt_e,-0
EX_so2_e,-0
EX_so3_e,0
EX_so4_e,-0.061
EX_spmd_e,-0
EX_succ_e,0.08
EX_sucr_e,0
EX_sulfac_e,0
EX_tartr__D_e,0
EX_tartr__L_e,-0
EX_taur_e,0
EX_tcynt_e,0
EX_thm_e,0
EX_thr__L_e,0
EX_thrp_e,0
EX_thym_e,0
EX_thymd_e,0
EX_tma_e,0
EX_tmao_e,0
EX_tre_e,0
EX_trp__L_e,0
EX_tsul_e,0
EX_ttdca_e,-0
EX_ttdcea_e,-0
EX_ttrcyc_e,-0
EX_tungs_e,-0
EX_tym_e,0
EX_tyr__L_e,0
EX_tyrp_e,0
EX_uacgam_e,0
EX_udpacgal_e,0
EX_udpg_e,0
EX_udpgal_e,0
EX_udpglcur_e,0
EX_ump_e,0
EX_ura_e,0
EX_urea_e,-0
EX_uri_e,0
EX_val__L_e,0
EX_xan_e,0
EX_xmp_e,0
EX_xtsn_e,0
EX_xyl__D_e,0
EX_xylu__L_e,0
EX_zn2_e,-0
12DGR120tipp,0
12DGR140tipp,0
12DGR141tipp,0
12DGR160tipp,0
12DGR161tipp,0
12DGR180tipp,0
12DGR181tipp,0
12PPDRtex,-0
12PPDRtpp,-0
12PPDStex,0
12PPDStpp,0
14GLUCANabcpp,-0
14GLUCANtexi,0
23CAMPtex,-0
23CCMPtex,-0
23CGMPtex,-0
23CUMPtex,-0
23DAPPAt2pp,0
23DAPPAtex,0
23PDE2pp,-0
23PDE4pp,-0
23PDE7pp,-0
23PDE9pp,-0
26DAHtex,0
2AGPA120tipp,0
2AGPA140tipp,0
2AGPA141tipp,0
2AGPA160tipp,0
2AGPA161tipp,0
2AGPA180tipp,0
2AGPA181tipp,0
2AGPE120tipp,0
2AGPE140tipp,0
2AGPE141tipp,0
2AGPE160tipp,0
2AGPE161tipp,0
2AGPE180tipp,0
2AGPE181tipp,0
2AGPEAT120,0
2AGPEAT140,0
2AGPEAT141,0
2AGPEAT160,0
2AGPEAT161,0
2AGPEAT180,0
2AGPEAT181,0
2AGPG120tipp,0
2AGPG140tipp,0
2AGPG141tipp,0
2AGPG160tipp,0
2AGPG161tipp,0
2AGPG180tipp,0
2AGPG181tipp,0
2AGPGAT120,0
2AGPGAT140,0
2AGPGAT141,0
2AGPGAT160,0
2AGPGAT161,0
2AGPGAT180,0
2AGPGAT181,0
2DGULRGx,0
2DGULRGy,0
2DGULRx,0
2DGULRy,0
2MAHMP,0
34dhpactex,-0
3AMACHYD,0
3AMPtex,0
3CMPtex,0
3GMPtex,0
3HAD100,0
3HAD120,0
3HAD121,0
3HAD140,0
3HAD141,0
3HAD160,0
3HAD161,0
3HAD180,0
3HAD181,0
3HAD40,0
3HAD60,0
3HAD80,0
3HCINNMH,0
3HPPPNH,0
3HPPtex,0
3HPPtpp,0
3KGK,-0
3NTD2pp,0
3NTD4pp,0
3NTD7pp,0
3NTD9pp,0
3OAR100,0
3OAR120,0
3OAR121,0
3OAR140,0.019
3OAR141,0
3OAR160,0
3OAR161,0
3OAR180,0
3OAR181,0
3OAR40,0
3OAR60,0
3OAR80,0
3OAS100,0
3OAS120,0
3OAS121,0
3OAS140,0.019
3OAS141,0
3OAS160,0
3OAS161,0
3OAS180,0
3OAS181,0
3OAS60,0
3OAS80,0
3OXCOAT,0
3PEPTabcpp,0
3PEPTtex,0
3UMPtex,0
42A12BOOXpp,0
4HOXPACDtex,-0
4HTHRS,0
4PCP,0
4PCPpp,0
4PEPTabcpp,0
4PEPTtex,0
5DGLCNR,0
5DGLCNt2rpp,0
5DGLCNtex,0
5DOAN,0
5MTRtex,0
5MTRtpp,0
A5PISO,0.009
AACPS1,0
AACPS2,0
AACPS3,0.031
AACPS4,0.036
AACPS5,0
AACPS6,0
AACPS7,0.019
AACPS8,0
AACPS9,0
AACTOOR,0
AADDGT,0
AAMYL,-0
AAMYLpp,0
AB6PGH,0
ABTA,0
ABUTD,-0
ABUTt2pp,0
ABUTtex,0
ACACCT,0
ACACT1r,0.086
ACACT2r,0.086
ACACT3r,0.086
ACACT4r,0.086
ACACT5r,0.086
ACACT6r,0.067
ACACT7r,0.067
ACACT8r,0
ACACt2pp,0
ACACtex,0
ACALD,-8.078
ACALDtex,0
ACALDtpp,0
ACANTHAT,0
ACBIPGT,0
ACCOAC,0.019
ACCOAL,0.127
ACGAL1PPpp,0
ACGAL1Ptex,0
ACGALtex,-0
ACGAM1PPpp,0
ACGAM1Ptex,0
ACGAMK,0
ACGAMT,0
ACGAptspp,0
ACGAtex,-0
ACGK,0.071
ACGS,0.071
ACHBS,0.07
ACKr,-8.067
ACLS,0.211
ACM6PH,0
ACMAMUT,0
ACMANAptspp,0
ACMANAtex,0
ACMUMptspp,-0
ACMUMtex,0
ACNAMt2pp,0
ACNAMtex,0
ACNML,0
ACOAD1f,-0.086
ACOAD2f,-0.086
ACOAD3f,-0.086
ACOAD4f,-0.086
ACOAD5f,-0.086
ACOAD6f,-0.067
ACOAD7f,-0.031
ACOAD8f,0
ACOATA,0
ACODA,0.071
ACOLIPAabctex,0
ACONIs,-0
ACONMT,0
ACONTa,0.26
ACONTb,0.26
ACOTA,-0.071
ACPPAT120,0
ACPPAT140,0
ACPPAT141,0
ACPPAT160,0
ACPPAT161,0
ACPPAT180,0
ACPPAT181,0
ACPS1,-0
ACS,0
ACSERtex,0
ACSERtpp,0
ACt2rpp,-8.208
ACt4pp,0
ACtex,-8.208
ADA,0
ADCL,0
ADCS,0
ADD,0
ADEt2rpp,0
ADEtex,0
ADK1,0.634
ADK3,0
ADK4,0
ADMDC,0
ADNCYC,0
ADNK1,0
ADNUC,0
ADNt2pp_copy1,0
ADNt2pp_copy2,0
ADNtex,0
ADOCBIK,0
ADOCBLS,-0
ADOCBLabcpp,-0
ADOCBLtonex,0
ADPRDP,0
ADPT,0
ADSK,0.06
ADSL1r,0.072
ADSL2r,0.108
ADSS,0.072
AGDC,0
AGM3PA,0
AGM3PApp,0
AGM3PH,0
AGM3Pt2pp,0
AGM4PA,0
AGM4PApp,-0
AGM4PCP,0
AGM4PCPpp,0
AGM4PH,0
AGM4Pt2pp,0
AGMH,0
AGMHE,0
AGMT,0
AGMt2pp,0
AGMtex,0
AGPAT120,0
AGPAT140,0
AGPAT141,0
AGPAT160,0.015
AGPAT161,0.018
AGPAT180,0
AGPAT181,0
AGPR,-0.071
AGt3,-0
AHCYSNS,0
AICART,0.131
AIRC2,0.108
AIRC3,-0.108
AKGDH,0
AKGt2rpp,0
AKGtex,0
ALAALAD,0
ALAALAabcpp,0
ALAALAr,0.007
ALAALAtex,0
ALAGLUE,0
ALAR,0.01
ALATA_D2,0
ALATA_L,-0.243
ALATA_L2,0
ALATRS,0
ALAabcpp,0
ALAt2pp_copy1,0
ALAt2pp_copy2,0
ALAt4pp,0
ALAtex,0
ALCD19,0
ALCD2x,-8.078
ALDD19xr,0
ALDD2x,0
ALDD2y,0
ALDD3y,0
ALDD4,0
ALLK,0
ALLPI,0
ALLTAMH,0
ALLTN,0
ALLTNt2rpp,0
ALLTNtex,0
ALLULPE,0
ALLabcpp,0
ALLtex,0
ALPATE160pp,0
ALPATG160pp,0
ALR2,0
ALR4x,0
ALTRH,0
AM3PA,0
AM4PA,0
AM4PCP,0
AMALT1,0
AMALT2,0
AMALT3,0
AMALT4,0
AMANAPEr,0
AMANK,0
AMAOTr,0
AMMQLT8,0
AMPMS2,0
AMPN,0
AMPTASECG,0
AMPTASEPG,0
AMPtex,0
ANHGMtex,0
ANHMK,0
ANPRT,0.014
ANS,0.014
AOBUTDs,0
AOXSr2,0
AP4AH,0
AP4AS,0
AP5AH,-0
APCS,0
APG3PAT120,0
APG3PAT140,0
APG3PAT141,0
APG3PAT160,0
APG3PAT161,0
APG3PAT180,0
APG3PAT181,0
APH120,0
APH140,0
APH141,0
APH160,0
APH161,0
APH180,0
APH181,0
APPLDHr,0
APRAUR,0
ARAI,0
ARBTNR1,0
ARBTNR2,0
ARBTNR3,0
ARBTNabcpp,0
ARBTNexs,0
ARBTNtex,0
ARBTNtonex,0
ARBTNtpp,0
ARBTptspp,0
ARBTtex,0
ARBabcpp,0
ARBt2rpp,0
ARBt3ipp,0
ARBtex,-0
ARGAGMt7pp,0
ARGDC,0
ARGDCpp,0
ARGORNt7pp,0
ARGSL,0.071
ARGSS,0.071
ARGTRS,0
ARGabcpp,0
ARGt3pp,0
ARGtex,0
ASAD,-0.258
ASCBPL,0
ASCBptspp,0
ASCBtex,0
ASNN,0
ASNNpp,0
ASNS1,0
ASNS2,0.058
ASNTRS,0
ASNabcpp,0
ASNt2rpp,0
ASNtex,0
ASO3t8pp,-0
ASO3tex,0
ASP1DC,0
ASPCT,0.08
ASPK,0.258
ASPO3,0
ASPO4,0
ASPO5,0
ASPO6,0.001
ASPT,0
ASPTA,-0.707
ASPTRS,0
ASPabcpp,0
ASPt2_2pp,0
ASPt2_3pp,0
ASPt2pp_copy1,0
ASPt2pp_copy2,0
ASPtex,0
ASR,-0
AST,0
ATHRDHr,0
ATPHs,0
ATPM,3.15
ATPPRT,0.023
ATPS4rpp,-6.498
BALAt2pp,0
BALAtex,0
BETALDHx,0
BETALDHy,0
BMOCOS,0
BMOGDS1,0
BMOGDS2,0
BPNT,0.06
BSORx,0
BSORy,0
BTNt2ipp,0
BTNtex,0
BTS5,0
BUTCT,0
BUTSO3abcpp,0
BUTSO3tex,0
BUTt2rpp,0
BUTtex,0
BWCOGDS1,0
BWCOGDS2,0
BWCOS,0
CA2t3pp,0
CA2tex,0.001
CADVtpp,0
CAT,0
CAt6pp,-0.001
CBIAT,0
CBItonex,0
CBIuabcpp,0
CBL1abcpp,0
CBL1tonex,0
CBLAT,0
CBMD,0
CBMKr,0.151
CBPS,0
CCGS,0
CD2abcpp,0
CD2t3pp,0
CD2tex,0
CD2tpp,0
CDAPPA120,0
CDAPPA140,0
CDAPPA141,0
CDAPPA160,0
CDAPPA161,0
CDAPPA180,0
CDAPPA181,0
CDGR,0
CDGS,0
CDPMEK,0.001
CFAS160E,0
CFAS160G,0
CFAS180E,0
CFAS180G,0
CGLYabcpp,0
CGLYtex,0
CHLabcpp,0
CHLt2pp,0
CHLtex,-0
CHOLD,0
CHORM,0.078
CHORS,0.092
CHRPL,0
CHTBSptspp,0
CHTBStex,0
CINNDO,-0
CITL,0
CITt3pp,0
CITt7pp,0
CITtex,0
CLIPAabctex,0
CLPNH120pp,0
CLPNH140pp,0
CLPNH141pp,0
CLPNH160pp,0
CLPNH161pp,0
CLPNH180pp,0
CLPNH181pp,0
CLPNS120pp,0
CLPNS140pp,0
CLPNS141pp,0
CLPNS160pp,0
CLPNS161pp,0
CLPNS180pp,0
CLPNS181pp,0
CLt3_2pp,0.001
CLtex,0.001
CMPN,0
CMPtex,0
CMtex,0
CMtpp,0
CO2tex,0.088
CO2tpp,0.088
COBALT2abcpp,0
COBALT2t3pp,0
COBALT2tex,0
COBALT2tpp,0
COLIPAKpp,0
COLIPAPabctex,0
COLIPAabcpp,0
COLIPAabctex,0
CPGNR1,0
CPGNR2,0
CPGNR3,0
CPGNUtex,0
CPGNUtpp,0
CPGNabcpp,0
CPGNexs,0
CPGNtonex,0
CPH4S,0
CPMPS,0
CPPPGO,-0
CPPPGO2,0
CRNBTCT,-0
CRNCAL2,0
CRNCAR,-0
CRNCBCT,0
CRNCDH,0
CRNDCAL2,0
CRNDabcpp,0
CRNDt2rpp,0
CRNDtex,-0
CRNabcpp,0
CRNt2rpp,0
CRNt7pp,-0
CRNt8pp,0
CRNtex,-0
CS,0.26
CSND,0
CSNt2pp,0
CSNtex,0
CTBTCAL2,0
CTBTabcpp,0
CTBTt2rpp,-0
CTECOAI6,0
CTECOAI7,-0.036
CTECOAI8,0
CTPS2,0.039
CU1Opp,0
CU1abcpp,0
CU2abcpp,0
CU2tex,0
CU2tpp,0
CUt3,0
CUtex,0
CYANST,0
CYANSTpp,0
CYANtex,0
CYNTAH,0
CYNTt2pp,0
CYNTtex,0
CYSDDS,0
CYSDS,0
CYSDabcpp,0
CYSDtex,0
CYSS,0.06
CYSSADS,-0
CYSTL,0.037
CYSTRS,0
CYSabc2pp,0
CYSabcpp,0
CYStex,0
CYStpp,0
CYTBD2pp,0
CYTBDpp,0
CYTBO3_4pp,0
CYTD,0
CYTDH,0
CYTDK2,0
CYTDt2pp_copy1,-0
CYTDt2pp_copy2,0
CYTDtex,0
CYTK1,0.044
CYTK2,0
D_LACt2pp,0
D_LACtex,0
DAAD,0
DADA,0
DADK,0
DADNt2pp,0
DADNtex,0
DAGK120,0
DAGK140,0
DAGK141,0
DAGK160,0
DAGK161,0
DAGK180,0
DAGK181,0
DALAt2pp,0.003
DALAtex,0
DAMPtex,-0
DAPAL,0
DAPDC,0.083
DAPE,0.09
DAPabcpp,0
DAPtex,0
DASYN120,0
DASYN140,0
DASYN141,0
DASYN160,0.015
DASYN161,0.018
DASYN180,0
DASYN181,0
DATPHs,0
DB4PS,0
DBTS,0
DC6PH,0
DCAtex,0
DCMPtex,-0
DCTPD,0
DCYTD,0
DCYTt2pp,0
DCYTtex,0
DDCAtexi,0
DDGALK,0
DDGLCNt2rpp,-0
DDGLCNtex,-0
DDGLK,0
DDPA,0.092
DDPGALA,0
DGK1,0
DGMPtex,-0
DGSNt2pp,0
DGSNtex,0
DHACOAH,0
DHAD1,0.211
DHAD2,0.07
DHAPT,0
DHAtex,0
DHAtpp,0
DHBD,-0
DHBS,-0
DHBSH,0
DHCIND,-0
DHCINDO,0
DHDPRy,0.09
DHDPS,0.09
DHFR,0.006
DHFS,0
DHMPTR,0
DHNAOT4,0
DHNCOAS,0
DHNCOAT,0
DHNPA2r,0
DHNPTE,0
DHORD2,0
DHORD5,0.08
DHORDfum,0
DHORTS,-0.08
DHPPD,0
DHPPDA2,0
DHPS2,0
DHPTDCs2,0
DHPTDNR,0
DHPTDNRN,0
DHPTPE,0
DHQS,0.092
DHQTi,0.092
DIMPtex,-0
DINSt2pp,0
DINStex,0
DKGLCNR1,0
DKGLCNR2x,0
DKGLCNR2y,0
DMATT,0
DMPPS,0
DMQMT,0
DMSOR1,0
DMSOR1pp,0
DMSOR2,0
DMSOR2pp,0
DMSOtex,0
DMSOtpp,0
DMStex,-0
DNMPPA,0
DNTPPA,0
DOGULNR,-0
DOPAtex,0
DOXRBCNtex,0
DOXRBCNtpp,0
DPCOAK,0
DPR,0
DRPA,0
DSBAO1,0
DSBAO2,0
DSBCGT,0
DSBDR,-0
DSBGGT,0
DSERDHr,0
DSERt2pp,0
DSERtex,0
DTARTD,0
DTMPK,0.006
DTMPtex,0
DUMPtex,-0
DURADx,-0
DURIK1,-0
DURIPP,0
DURIt2pp,0
DURItex,0
DUTPDP,0.006
DXPRIi,0.001
DXPS,0.001
DXYLK,-0
E4PD,0
EAR100x,0
EAR100y,0
EAR120x,0
EAR120y,0
EAR121x,0
EAR121y,0
EAR140x,0
EAR140y,0
EAR141x,0
EAR141y,0
EAR160x,0
EAR160y,0
EAR161x,0
EAR161y,0
EAR180x,0
EAR180y,0
EAR181x,0
EAR181y,0
EAR40x,0
EAR40y,0
EAR60x,0
EAR60y,0
EAR80x,0
EAR80y,0
ECA4COLIPAabctex,0
ECA4OALpp,0
ECAP1pp,0
ECAP2pp,0
ECAP3pp,0
ECAtpp,0
ECOAH1,0.086
ECOAH2,0.086
ECOAH3,0.086
ECOAH4,0.086
ECOAH5,0.086
ECOAH6,0.067
ECOAH7,0.067
ECOAH8,-0
EDA,0
EDD,0
EDTXS1,0
EDTXS2,0
EDTXS3,0
EDTXS4,0
EGMEACPR,0
ENLIPAabctex,0
ENO,19.017
ENTCS,-0
ENTERES,0
ENTERES2,0
EPMEACPR,0
ETHAAL,0
ETHAt2pp,0
ETHAtex,0
ETHSO3abcpp,0
ETHSO3tex,0
ETOHtex,-8.078
ETOHtrpp,-8.078
F6PA,-0
F6PP,0
F6Pt6_2pp,0
F6Ptex,0
FA100ACPHi,0
FA120ACPHi,0
FA140ACPHi,0
FA141ACPHi,0
FA160ACPHi,0
FA161ACPHi,0
FA80ACPHi,0
FACOAE100,0
FACOAE120,0.019
FACOAE140,0
FACOAE141,0
FACOAE160,0.031
FACOAE161,0.036
FACOAE180,0
FACOAE181,0
FACOAE60,0
FACOAE80,0
FACOAL100t2pp,0
FACOAL120t2pp,0
FACOAL140t2pp,0
FACOAL141t2pp,0
FACOAL160t2pp,0
FACOAL161t2pp,0
FACOAL180t2pp,0
FACOAL181t2pp,0
FACOAL60t2pp,0
FACOAL80t2pp,0
FADRx,0.528
FADRx2,0
FALDH2,0
FALDtex,0
FALDtpp,0
FALGTHLs,0
FBA,9.79
FBA3,0
FBP,0
FCI,0
FCLK,0
FCLPA,0
FCLT,0
FDH4pp,0
FDH5pp,0
FDMO,0
FDMO2,0
FDMO3,0
FDMO4,0
FDMO6,0
FE2abcpp,0
FE2t2pp,0
FE2t3pp,0
FE2tex,0.002
FE2tpp,0.002
FE3DCITabcpp,-0
FE3DCITtonex,0
FE3DHBZR,-0
FE3DHBZSabcpp,-0
FE3DHBZStonex,0
FE3HOXR1,0
FE3HOXR2,0
FE3HOXR3,0
FE3HOXUtex,0
FE3HOXUtpp,0
FE3HOXabcpp,0
FE3HOXexs,0
FE3HOXtonex,0
FE3Ri,0
FE3abcpp,0.002
FE3tex,0.002
FECRMR1,0
FECRMR2,0
FECRMR3,0
FECRMUtex,0
FECRMUtpp,0
FECRMabcpp,0
FECRMexs,0
FECRMtonex,0
FEENTERR1,0
FEENTERR2,0
FEENTERR3,0
FEENTERabcpp,0
FEENTERexs,0
FEENTERtex,0
FEENTERtonex,0
FEENTERtpp,0
FEOXAMR1,0
FEOXAMR2,-0
FEOXAMR3,0
FEOXAMUtex,0
FEOXAMUtpp,0
FEOXAMabcpp,0
FEOXAMexs,0
FEOXAMtonex,0
FEROpp,0
FESD1s,0
FESD2s,0
FESR,0
FFSD,0
FHL,0
FLDR2,0
FLVR,0
FLVRx,0
FMETTRS,0
FMNAT,0
FMNRx,0
FMNRx2,0
FOMETRi,0
FORCT,-0
FORt2pp,0
FORtex,-17.283
FORtppi,17.283
FRD2,0.08
FRD3,0
FRUK,0
FRULYSDG,0
FRULYSE,0
FRULYSK,0
FRULYSt2pp,0
FRULYStex,0
FRUURt2rpp,0
FRUURtex,0
FRUpts2pp,0
FRUptspp,0
FRUtex,0
FTHFD,0
FTHFLi,0
FUCtex,0
FUCtpp,0
FUM,0.172
FUMt2_2pp,0
FUMt2_3pp,0
FUMtex,0
FUSAtex,0
FUSAtpp,0
G1PACT,0.023
G1PPpp,0
G1PTT,0
G1Ptex,0
G1SAT,0.001
G2PP,0
G2PPpp,0
G3PAT120,0
G3PAT140,0
G3PAT141,0
G3PAT160,0.015
G3PAT161,0.018
G3PAT180,0
G3PAT181,0
G3PCabcpp,0
G3PCtex,0
G3PD2,-0.034
G3PD5,0
G3PD6,0
G3PD7,0
G3PEabcpp,0
G3PEtex,0
G3PGabcpp,0
G3PGtex,0
G3PIabcpp,0
G3PItex,0
G3PSabcpp,0
G3PStex,0
G3PT,0
G5SADs,0.053
G5SD,0.053
G6PDA,0
G6PDH2r,-0
G6PP,0
G6Pt6_2pp,0
G6Ptex,0
GAL1PPpp,0
GAL1Ptex,0
GALBDtex,0
GALCTD,0
GALCTLO,0
GALCTND,0
GALCTNLt2pp,0
GALCTNLtex,0
GALCTNt2pp,0
GALCTNtex,0
GALCTt2rpp,0
GALCTtex,0
GALKr,0
GALM2pp,0
GALS3,0
GALT1,0
GALTptspp,0
GALTtex,0
GALURt2rpp,-0
GALURtex,-0
GALUi,0
GALabcpp,0
GALt2pp,0
GALtex,0
GAM6Pt6_2pp,0
GAMAN6Ptex,0
GAMptspp,0
GAMtex,0
GAPD,19.419
GARFT,0.081
GART,0.027
GBBTNtex,0
GCALDD,0
GDMANE,0
GDPDPK,0
GDPMNH,0
GDPMNP,0
GDPTPDP,0
GDPtex,-0
GF6PTA,0.023
GGGABADr,0
GGGABAH,0
GGPTRCO,0
GGPTRCS,0
GHBDHx,0
GHMT2r,0.256
GK1,0.059
GLBRAN2,0
GLCATr,0
GLCDpp,0
GLCNt2rpp,0
GLCNtex,0
GLCP,0
GLCP2,0
GLCRAL,0
GLCRD,0
GLCRt2rpp,0
GLCRtex,0
GLCS1,0
GLCTR1,0
GLCTR2,0
GLCTR3,0
GLCUR1Ptex,0
GLCURt2rpp,-0
GLCURtex,-0
GLCabcpp,0
GLCptspp,10
GLCt2pp,0
GLCtex_copy1,0
GLCtex_copy2,10
GLDBRAN2,0
GLGC,0
GLNS,0.437
GLNTRS,0
GLNabcpp,0
GLNtex,0
GLTPD,0
GLU5K,0.053
GLUABUTt7pp,-0
GLUCYS,0
GLUDC,0
GLUDy,-2.052
GLUN,0
GLUNpp,0
GLUPRT,0.108
GLUR,-0.007
GLUSy,0
GLUTRR,0.001
GLUTRS,0.001
GLUabcpp,0
GLUt2rpp,0
GLUt4pp,0
GLUtex,0
GLXCL,0
GLYALDtex,0
GLYALDtpp,0
GLYAT,-0
GLYBabcpp,0
GLYBt2pp,0
GLYBtex,0
GLYC2Pabcpp,0
GLYC2Ptex,0
GLYC3Pabcpp,0
GLYC3Pt6pp,0
GLYC3Ptex,0
GLYCAt2rpp,0
GLYCAtex,0
GLYCDx,0
GLYCK,0
GLYCK2,0
GLYCL,0
GLYCLTDx,0
GLYCLTDy,0
GLYCLTt2rpp,-0
GLYCLTt4pp,0
GLYCLTtex,-0
GLYCTO2,0
GLYCTO3,0
GLYCTO4,0
GLYCtex,0
GLYCtpp,-0
GLYK,0
GLYOX,0
GLYOX3,0
GLYTRS,0
GLYt2pp_copy1,0
GLYt2pp_copy2,0
GLYt4pp,-0
GLYtex,0
GMAND,0
GMHEPAT,0
GMHEPK,0
GMHEPPA,0
GMPR,0
GMPS2,0.059
GMPtex,0
GND,0
GNK,0
GOFUCR,0
GP4GH,-0
GPDDA1,0
GPDDA1pp,0
GPDDA2,0
GPDDA2pp,0
GPDDA3,0
GPDDA3pp,0
GPDDA4,0
GPDDA4pp,0
GPDDA5,0
GPDDA5pp,0
GRTT,0
GRXR,-0
GSNK,0
GSNt2pp,0
GSNtex,0
GSPMDA,0
GSPMDS,0
GTHOXtex,0
GTHOr,-0
GTHPi,0
GTHRDHpp,0
GTHRDabc2pp,0
GTHRDabcpp,0
GTHRDtex,0
GTHS,0
GTPCI,0
GTPCII2,0
GTPDPDP,0
GTPDPK,0
GTPHs,0
GTPtex,0
GUACYC,0
GUAD,0
GUAPRT,0
GUAt2pp,0
GUAtex,0
GUAtpp,0
GUI1,-0
GUI2,-0
GUR1PPpp,0
H2O2tex,0
H2Otex,1.709
H2Otpp,1.709
H2SO,0
H2St1pp,0
H2Stex,0
H2tex,-0
H2tpp,0
HACD1,0.086
HACD2,0.086
HACD3,0.086
HACD4,0.086
HACD5,0.086
HACD6,0.067
HACD7,0.067
HACD8,-0
HADPCOADH3,0
HBZOPT,0
HCINNMt2rpp,0
HCINNMtex,0
HCO3E,0.127
HCYSMT,0
HCYSMT2,0
HDCAtexi,0
HDCEAtexi,0
HEMEOS,0
HEPK1,0
HEPK2,0
HEPT1,0
HEPT2,0
HEPT3,0
HEPT4,0
HETZK,-0
HEX1,0
HEX4,0
HEX7,-0
HEXt2rpp,0
HG2abcpp,0
HG2t3pp,0
HG2tex,0
HISTD,0.023
HISTP,0.023
HISTRS,0
HISabcpp,0
HISt2rpp,0
HIStex,0
HKNDDH,0
HKNTDH,0
HMBS,0
HMPK1,-0
HOMt2pp,0
HOMtex,0
HOPNTAL,0
HPPK2,0
HPPPNDO,0
HPPPNt2rpp,0
HPPPNtex,0
HPYRI,-0
HPYRRx,0
HPYRRy,0
HSDy,-0.169
HSK,0.131
HSST,0.037
HSTPT,0.023
HXAND,0
HXAtex,0
HXCT,0
HXPRT,0
HYD1pp,0
HYD2pp,0
HYD3pp,0
HYPOE,-0
HYXNtex,0
HYXNtpp,0
Htex,-27.872
I2FE2SR,0
I2FE2SS,0
I2FE2SS2,0
I2FE2ST,0
I4FE4SR,0
I4FE4ST,0
ICDHyr,0.26
ICHORS_copy1,-0
ICHORS_copy2,0
ICHORT,-0
ICL,0
ICYSDS,0
IDOND,-0
IDOND2,0
IDONt2rpp,0
IDONtex,0
IG3PS,0.023
IGPDH,0.023
IGPS,0.014
ILETA,-0.07
ILETRS,0
ILEabcpp,0
ILEt2rpp,0
ILEtex,0
IMPC,-0.131
IMPD,0.059
IMPtex,0
INDOLEt2pp,0
INDOLEt2rpp,0
INDOLEtex,0
INOSTt4pp,0
INSH,0
INSK,0
INSTtex,-0
INSt2pp_copy1,0
INSt2pp_copy2,0
INStex,0
IPDDI,0
IPDPS,0.001
IPMD,0.109
IPPMIa,-0.109
IPPMIb,-0.109
IPPS,0.109
ISETACabcpp,0
ISETACtex,0
K2L4Aabcpp,0.005
K2L4Aabctex,0.005
KARA1,-0.211
KARA2,0.07
KAS14,0
KAS15,0
KDOCT2,0.009
KDOPP,0.009
KDOPS,0.009
KG6PDC,0
Kabcpp,0
Kt2pp,0.047
Kt3pp,0
Ktex,0.047
L_LACD2,0
L_LACD3,0
L_LACt2rpp,0
L_LACtex,0
LA4NTpp,0
LACZ,0
LACZpp,0
LADGMDH,0
LALADGLUtex,0
LALADGLUtpp,0
LALALGLUtex,0
LALALGLUtpp,0
LALDO2x,0
LALDO3,-0
LALGP,0
LCADi,0
LCARR,0
LCARS,-0
LCTSt3ipp,0
LCTStex,-0
LCTStpp,0
LDH_D,0
LDH_D2,0
LEUTAi,0.109
LEUTRS,0
LEUabcpp,0
LEUt2rpp,0
LEUtex,0
LGTHL,0
LIPACabcpp,0
LIPAHT2ex,0
LIPAHTex,0
LIPAMPL,0
LIPATPT,0
LIPAabcpp,0
LIPAabctex,0
LIPOCT,0
LIPOS,0
LIPOt2pp,0
LIPOtex,0
LPADSS,0.005
LPLIPAL1A120pp,0
LPLIPAL1A140pp,0
LPLIPAL1A141pp,0
LPLIPAL1A160pp,0
LPLIPAL1A161pp,0
LPLIPAL1A180pp,0
LPLIPAL1A181pp,0
LPLIPAL1E120pp,0
LPLIPAL1E140pp,0
LPLIPAL1E141pp,0
LPLIPAL1E160pp,0
LPLIPAL1E161pp,0
LPLIPAL1E180pp,0
LPLIPAL1E181pp,0
LPLIPAL1G120pp,0
LPLIPAL1G140pp,0
LPLIPAL1G141pp,0
LPLIPAL1G160pp,0
LPLIPAL1G161pp,0
LPLIPAL1G180pp,0
LPLIPAL1G181pp,0
LPLIPAL2A120,0
LPLIPAL2A140,0
LPLIPAL2A141,0
LPLIPAL2A160,0
LPLIPAL2A161,0
LPLIPAL2A180,0
LPLIPAL2A181,0
LPLIPAL2ATE120,0
LPLIPAL2ATE140,0
LPLIPAL2ATE141,0
LPLIPAL2ATE160,0
LPLIPAL2ATE161,0
LPLIPAL2ATE180,0
LPLIPAL2ATE181,0
LPLIPAL2ATG120,0
LPLIPAL2ATG140,0
LPLIPAL2ATG141,0
LPLIPAL2ATG160,0
LPLIPAL2ATG161,0
LPLIPAL2ATG180,0
LPLIPAL2ATG181,0
LPLIPAL2E120,0
LPLIPAL2E140,0
LPLIPAL2E141,0
LPLIPAL2E160,0
LPLIPAL2E161,0
LPLIPAL2E180,0
LPLIPAL2E181,0
LPLIPAL2G120,0
LPLIPAL2G140,0
LPLIPAL2G141,0
LPLIPAL2G160,0
LPLIPAL2G161,0
LPLIPAL2G180,0
LPLIPAL2G181,0
LSERDHr,-0
LYSDC,0
LYSTRS,0
LYSabcpp,0
LYSt2pp,0
LYSt3pp,0
LYStex,0
LYXI,0
LYXt2pp,0
LYXtex,0
M1PD,-0
MACPD,0
MALCOAMT,0
MALDDH,0
MALDt2_2pp,0
MALDtex,0
MALS,0
MALTATr,0
MALTHXabcpp,0
MALTHXtexi,0
MALTPTabcpp,-0
MALTPTtexi,0
MALTTRabcpp,-0
MALTTRtexi,0
MALTTTRabcpp,-0
MALTTTRtexi,0
MALTabcpp,-0
MALTptspp,0
MALTtexi,0
MALt2_2pp,0
MALt2_3pp,0
MALt3pp,0
MALtex,0
MAN1PT2,0
MAN6PI,0
MAN6Pt6_2pp,0
MAN6Ptex,0
MANAO,-0
MANGLYCptspp,0
MANGLYCtex,0
MANPGH,0
MANptspp,0
MANtex,0
MCITD,0
MCITL2,0
MCITS,0
MCOATA,0.019
MCPST,-0
MCTP1App,0.003
MCTP1Bpp,0
MCTP2App,0
MDDCP1pp,0
MDDCP2pp,0
MDDCP3pp,0
MDDCP4pp,0
MDDCP5pp,-0
MDDEP1pp,0
MDDEP2pp,0
MDDEP3pp,0
MDDEP4pp,0
MDH,0.172
MDH2,0
MDH3,0
ME1,0
ME2,0
MECDPDH5,0.001
MECDPS,0.001
MELIBt2pp,-0
MELIBt3ipp,0
MELIBtex,-0
MEOHtex,-0
MEOHtrpp,-0
MEPCT,0.001
METAT,0
METDabcpp,0
METDtex,0
METOX1s,-0
METOX2s,-0
METS,0.037
METSOX1abcpp,0
METSOX1tex,0
METSOX2abcpp,0
METSOX2tex,0
METSOXR1,0
METSOXR2,0
METTRS,0
METabcpp,0
METtex,0
MG2t3_2pp,0.002
MG2tex,0.002
MG2tpp,0
MG2uabcpp,0
MGSA,0
MI1PP,-0
MICITDr,0
MINCYCtex,0
MINCYCtpp,0
MINOHPtexi,0
MLDCP1App,0
MLDCP1Bpp,0
MLDCP2App,-0
MLDCP2Bpp,0
MLDCP3App,0
MLDEP1pp,0
MLDEP2pp,0
MLTG1,-0
MLTG2,0
MLTG3,0
MLTG4,0
MLTG5,-0
MLTGY1pp,0
MLTGY2pp,0
MLTGY3pp,0
MLTGY4pp,0
MLTP1,-0
MLTP2,-0
MLTP3,0
MMCD,0
MMETt2pp,0
MMETtex,0
MMM,0
MN2t3pp,0
MN2tpp,0
MN6PP,0
MNLptspp,-0
MNLtex,-0
MNNH,0
MNt2pp,0
MNtex,0
MOADSUx,0
MOAT,0.005
MOAT2,0.005
MOAT3C,0
MOBDabcpp,0
MOBDtex,0
MOCDS,0
MOCOS,0
MOGDS,0
MOHMT,0
MOX,-0.001
MPTAT,0
MPTG,0.003
MPTG2,0
MPTS,0
MPTSS,0
MSAR,0
MSO3abcpp,0
MSO3tex,0
MTAN,0
MTHFC,0.212
MTHFD,0.212
MTHFR2,0.037
MTHTHFSs,0
MTRPOX,-0
N2Otex,-0
N2Otpp,-0
NACODA,0
NACtex,0
NACtpp,0
NADDP,0
NADH10,0
NADH16pp,0
NADH17pp,0
NADH18pp,0
NADH5,0
NADH9,0
NADK,0
NADN,0
NADPHQR2,0
NADPHQR3,0
NADPHQR4,0
NADPPPS,0
NADS1,0.001
NADTRHD,0
NAMNPP,0
NAt3_1p5pp,0
NAt3_2pp,0
NAt3pp,0
NAtex,0
NDPK1,0.191
NDPK2,0.103
NDPK3,0.044
NDPK4,0.006
NDPK5,0
NDPK6,0
NDPK7,0
NDPK8,0
NH4tex,2.608
NH4tpp,2.608
NHFRBO,0
NI2abcpp,0
NI2t3pp,0
NI2tex,0
NI2tpp,0
NI2uabcpp,0
NMNAT,0
NMNDA,0
NMNN,0
NMNPtpp,0
NMNt7pp,-0
NMNtex,0
NNAM,-0
NNATr,0.001
NNDMBRT,-0
NNDPR,0.001
NO2t2rpp,0
NO2tex,0
NO3R1bpp,-0
NO3R1pp,0
NO3R2bpp,0
NO3R2pp,0
NO3t7pp,0
NO3tex,0
NODOx,0
NODOy,0
NOVBCNtex,0
NOVBCNtpp,0
NOtex,0
NOtpp,0
NTD1,0
NTD10,0
NTD10pp,0
NTD11,0
NTD11pp,0
NTD12,0
NTD12pp,-0
NTD1pp,-0
NTD2,-0
NTD2pp,0
NTD3,0
NTD3pp,-0
NTD4,0
NTD4pp,0
NTD5,0
NTD5pp,0
NTD6,0
NTD6pp,-0
NTD7,0
NTD7pp,0
NTD8,-0
NTD8pp,-0
NTD9,0
NTD9pp,0
NTP1,0
NTP10,-0
NTP11,0
NTP12,0
NTP3,0
NTP3pp,0
NTP5,0
NTPP1,0
NTPP10,0
NTPP11,0
NTPP2,0
NTPP3,0
NTPP4,0
NTPP5,0
NTPP6,0
NTPP7,0
NTPP8,0
NTPP9,0
NTPTP1,0
NTPTP2,0
NTRIR2x,0
NTRIR3pp,0
NTRIR4pp,0
O16A4COLIPAabctex,-0
O16A4Lpp,0
O16AP1pp,0
O16AP2pp,0
O16AP3pp,0
O16AT,-0
O16AUNDtpp,-0
O16GALFT,0
O16GLCT1,0
O16GLCT2,-0
O2Stex,0
O2tex,0
O2tpp,0
OAADC,0
OBTFL,0
OCBT,0.071
OCDCAtexi,0
OCDCEAtexi,0
OCTAtex,0
OCTDPS,0
OCTNLL,0
OGMEACPD,0
OGMEACPR,0
OGMEACPS,0
OHPBAT,0
OHPHM,0
OMBZLM,0
OMCDC,0.109
OMMBLHX,0
OMMBLHX3,0
OMPDC,0.08
OMPHHX,0
OMPHHX3,0
OP4ENH,0
OPHBDC,0
OPHHX,0
OPHHX3,0
OPMEACPD,0
OPMEACPR,0
OPMEACPS,0
ORNDC,0
ORNabcpp,0
ORNtex,0
OROTt2_2pp,0
OROTtex,0
ORPT,-0.08
OXAMTC,0
OXCDC,-0
OXCOAHDH,0
OXDHCOAT,0
P5CD,0
P5CR,0.053
PA120abcpp,0
PA140abcpp,0
PA141abcpp,0
PA160abcpp,0
PA161abcpp,0
PA180abcpp,0
PA181abcpp,0
PACALDt2rpp,0
PACALDtex,0
PACCOAE,0
PACCOAL,0
PANTS,0
PAPA120,0
PAPA120pp,0
PAPA140,0
PAPA140pp,0
PAPA141,0
PAPA141pp,0
PAPA160,0
PAPA160pp,0
PAPA161,0
PAPA161pp,0
PAPA180,0
PAPA180pp,0
PAPA181,0
PAPA181pp,0
PAPPT3,0.007
PAPSR,0.06
PAPSR2,-0
PDE1,0
PDE4,0
PDH,0
PDX5PO2,0
PDX5POi,0
PDX5PS,0
PDXPP,-0
PE120abcpp,0
PE140abcpp,0
PE141abcpp,0
PE160abcpp,0.011
PE161abcpp,0.005
PE180abcpp,0
PE181abcpp,0
PEAMNOpp,-0
PEAMNtex,-0
PERD,0
PETNT161pp,0
PETNT181pp,0
PFK,9.79
PFK_2,0
PFK_3,0
PFL,17.31
PG120abcpp,0
PG140abcpp,0
PG141abcpp,0
PG160abcpp,0
PG161abcpp,0
PG180abcpp,0
PG181abcpp,0
PGAMT,-0.023
PGCD,0.402
PGI,10
PGK,-19.419
PGL,-0
PGLYCP,-0
PGM,-19.017
PGMT,0
PGP120abcpp,0
PGP140abcpp,0
PGP141abcpp,0
PGP160abcpp,0
PGP161abcpp,0
PGP180abcpp,0
PGP181abcpp,0
PGPP120,0
PGPP120pp,0
PGPP140,0
PGPP140pp,0
PGPP141,0
PGPP141pp,0
PGPP160,0
PGPP160pp,0
PGPP161,0
PGPP161pp,0
PGPP180,0
PGPP180pp,0
PGPP181,0
PGPP181pp,0
PGSA120,0
PGSA140,0
PGSA141,0
PGSA160,0
PGSA161,0
PGSA180,0
PGSA181,0
PHEMEabcpp,0
PHEMEtiex,0
PHETA1,-0.045
PHETRS,0
PHEt2rpp,0
PHEtex,0
PHYTSpp,-0
PIt2rpp,0.233
PItex,0.233
PIuabcpp,0
PLIPA1A120pp,0
PLIPA1A140pp,0
PLIPA1A141pp,0
PLIPA1A160pp,0
PLIPA1A161pp,0
PLIPA1A180pp,0
PLIPA1A181pp,0
PLIPA1E120pp,0
PLIPA1E140pp,0
PLIPA1E141pp,0
PLIPA1E160pp,0
PLIPA1E161pp,0
PLIPA1E180pp,0
PLIPA1E181pp,0
PLIPA1G120pp,0
PLIPA1G140pp,0
PLIPA1G141pp,0
PLIPA1G160pp,0
PLIPA1G161pp,0
PLIPA1G180pp,0
PLIPA1G181pp,0
PLIPA2A120pp,0
PLIPA2A140pp,0
PLIPA2A141pp,0
PLIPA2A160pp,0
PLIPA2A161pp,0
PLIPA2A180pp,0
PLIPA2A181pp,0
PLIPA2E120pp,0
PLIPA2E140pp,0
PLIPA2E141pp,0
PLIPA2E160pp,0
PLIPA2E161pp,0
PLIPA2E180pp,0
PLIPA2E181pp,0
PLIPA2G120pp,0
PLIPA2G140pp,0
PLIPA2G141pp,0
PLIPA2G160pp,0
PLIPA2G161pp,0
PLIPA2G180pp,0
PLIPA2G181pp,0
PMANM,0
PMDPHT,0
PMEACPE,0
PMPK,0
PNTK,0
PNTOt4pp,0
PNTOtex,0
POAACR,0
POR5,0.026
POX,0
PPA,0
PPA2,0
PPAKr,-0
PPALtex,0
PPALtpp,-0
PPAt4pp,0
PPAtex,0
PPBNGS,0
PPC,0.795
PPCDC,0
PPCK,0
PPCSCT,0.127
PPGPPDP,0
PPK2r,0
PPKr,-0.846
PPM,-0
PPM2,0
PPNCL2,0
PPND,0.033
PPNDH,0.045
PPPGO,0
PPPGO3,0
PPPNDO,0
PPPNt2rpp,0
PPPNtex,0
PPS,0
PPTHpp,0
PPTtex,0
PRAGSr,0.108
PRAIS,0.108
PRAIi,0.014
PRAMPC,0.023
PRASCSi,0.108
PRATPP,0.023
PRFGS,0.108
PRMICI,0.023
PROD2,0
PROGLYabcpp,0
PROGLYtex,0
PROTRS,0
PROabcpp,0
PROt2rpp,0
PROt4pp,0
PROtex,0
PRPPS,0.225
PSCLYSt2pp,0
PSCLYStex,0
PSCVT,0.092
PSD120,0
PSD140,0
PSD141,0
PSD160,0.015
PSD161,0.018
PSD180,0
PSD181,0
PSERT,0.402
PSERtex,0
PSP_L,0.402
PSP_Lpp,0
PSSA120,0
PSSA140,0
PSSA141,0
PSSA160,0.015
PSSA161,0.018
PSSA180,0
PSSA181,0
PTA2,0
PTAr,8.067
PTHRpp,0
PTPATi,0
PTRCORNt7pp,-0
PTRCTA,-0
PTRCabcpp,0
PTRCt2pp,0
PTRCtex,-0
PUNP1,-0
PUNP2,0
PUNP3,0
PUNP4,-0
PUNP5,-0
PUNP6,0
PUNP7,0
PYAM5PO,0
PYDAMK,0
PYDAMtex,0
PYDAMtpp,0
PYDXK,0
PYDXNK,0
PYDXNtex,0
PYDXNtpp,0
PYDXPP,-0
PYDXtex,0
PYDXtpp,0
PYK,8.022
PYNP2r,-0
PYROX,0
PYRt2rpp,0
PYRtex,0
QMO2,0
QMO3,0
QUIN2tex,0
QUIN2tpp,0
QUINDH,0
QULNS,0.001
R15BPK,0
R1PK,0
R5PP,0
R5PPpp,-0
R5Ptex,-0
RBFK,0
RBFSa,0
RBFSb,0
RBK,0
RBK_L1,0
RBP4E,0
REPHACCOAI,0
RFAMPtex,0
RFAMPtpp,0
RHAT1,0
RHCCE,0
RIBabcpp,0
RIBtex,0
RMI,0
RMK,0
RMNtex,0
RMNtpp,0
RMPA,0
RNDR1,0
RNDR1b,0
RNDR2,0
RNDR2b,0
RNDR3,0
RNDR3b,0
RNDR4,0
RNDR4b,0
RNTR1c2,0.006
RNTR2c2,0.007
RNTR3c2,0.007
RNTR4c2,0.006
RPE,-0.187
RPI,-0.178
RZ5PP,0
S2FE2SR,0
S2FE2SS,0
S2FE2SS2,0
S2FE2ST,0
S4FE4SR,0
S4FE4ST,0
S7PI,0
SADH,0
SADT2,0.06
SARCOX,-0
SBTPD,-0
SBTptspp,-0
SBTtex,-0
SCYSDS,0
SDPDS,0.09
SDPTA,-0.09
SELCYSS,0
SELGTHR,0
SELGTHR2,0
SELGTHR3,0
SELNPS,0
SELR,0
SELtex,0
SELtpp,0
SEPHCHCS,0
SERASr,-0
SERAT,0.06
SERD_D,0
SERD_L,0
SERTRS,0
SERTRS2,0
SERt2rpp,-0.001
SERt4pp,0.001
SERtex,0
SFGTHi,0
SGDS,0
SGSAD,0
SHCHCS3,0
SHCHD2,0
SHCHF,0
SHK3Dr,0.092
SHKK,0.092
SHSL1,0.037
SKMt2pp,0
SKMtex,0
SLNTtex,0
SLNTtpp,0
SO2tex,0
SO2tpp,0
SO3tex,-0
SO4t2pp,0.061
SO4tex,0.061
SOTA,0
SPMDAT1,0
SPMDAT2,0
SPMDabcpp,0
SPMDt3pp,0
SPMDtex,0
SPMS,0
SPODM,0
SPODMpp,0
SSALx,0
SSALy,0
SUCASPtpp,0
SUCBZL,0
SUCBZS,0
SUCCt2_2pp,0
SUCCt2_3pp,0
SUCCt3pp,0.08
SUCCtex,-0.08
SUCDi,-0
SUCFUMtpp,0
SUCMALtpp,0
SUCOAS,0
SUCRtex,0
SUCTARTtpp,0
SUCptspp,0
SULFACabcpp,0
SULFACtex,0
SULRi,0.06
SULabcpp,0
T2DECAI,0
TAGURr,0
TALA,-0.048
TARTD,0
TARTRDtex,0
TARTRt7pp,0
TARTRtex,0
TARTt2_3pp,0
TAUDO,0
TAURabcpp,0
TAURtex,0
TCYNTtex,-0
TDP,0
TDPADGAT,0
TDPAGTA,0
TDPDRE,0
TDPDRR,0
TDPGDH,0
TDSK,0.005
TDSR1,0
TDSR2,0
TGBPA,0
THD2pp,2.955
THDPS,0.09
THFAT,0
THIORDXi,0
THMDt2pp_copy1,0
THMDt2pp_copy2,0
THMDtex,0
THMabcpp,0
THMtex,0
THRA2i,-0
THRAi,0
THRD,0
THRD_L,0.07
THRPtex,0
THRS,0.131
THRTRS,0
THRabcpp,0
THRt2pp,0
THRt2rpp,0
THRt4pp,0
THRtex,0
THYMt3pp,-0
THYMtex,0
THZPSN3,0
TKT1,-0.048
TKT2,-0.14
TMAOR1,0
TMAOR1pp,0
TMAOR2,0
TMAOR2pp,0
TMAOtex,0
TMAtex,-0
TMDK1,0
TMDPP,-0
TMDS,0.006
TMK,0
TMPK,0
TMPPP,0
TPI,9.756
TPRDCOAS,0
TRDR,0.06
TRE6PH,0
TRE6PP,0
TRE6PS,0
TREH,0
TREHpp,0
TREptspp,0
TREtex,0
TRPAS2,-0.014
TRPS1,0
TRPS2,0
TRPS3,0.014
TRPTRS,-0
TRPt2rpp,0
TRPtex,0
TRSARr,0
TSULabcpp,0
TSULtex,0
TTDCAtexi,0
TTDCEAtexi,0
TTRCYCtex,0
TTRCYCtpp,0
TUNGSabcpp,0
TUNGStex,0
TYMtex,0
TYRL,0
TYROXDApp,0
TYRPpp,0
TYRPtex,0
TYRTA,-0.033
TYRTRS,-0
TYRt2rpp,0
TYRtex,0
ThDPAT,0
U23GAAT,0.009
UAAGDS,0.007
UACGALPpp,0
UACGAMPpp,0
UACGAMtex,0
UACMAMO,0
UAG2E,0
UAGAAT,0.009
UAGCVT,0.007
UAGDP,0.023
UAGPT3,0.007
UAMAGS,0.007
UAMAS,0.007
UAPGR,0.007
UDCPDP,0.007
UDCPDPS,0
UDCPDPpp,0
UDCPPtppi,0
UDPACGALtex,0
UDPG4E,-0
UDPGALM,0
UDPGALPpp,0
UDPGALtex,0
UDPGD,0
UDPGDC,0
UDPGLCURtex,0
UDPGPpp,0
UDPGtex,0
UDPKAAT,0
UGLCURPpp,0
UGLT,0
UGLYCH,0
UGMDDS,0.007
UHGADA,0.009
ULA4NFT,0
ULA4Ntppi,0
UM3PL,0
UM4PCP,0
UM4PL,0
UMPK,0.091
UMPtex,0
UPLA4FNF,0
UPLA4FNT,0
UPP3MT,0
UPP3S,0
UPPDC1,0
UPPRT,0
URACPAH,0
URAt2pp_copy1,0
URAt2pp_copy2,0
URAtex,0
URDGLYCD,0
UREAtex,0
UREAtpp,0
URIC,0
URIH,0
URIK2,0
URIt2pp_copy1,0
URIt2pp_copy2,0
URItex,0
USHD,0.005
VALTA,0
VALTRS,-0
VALabcpp,-0
VALt2rpp,0
VALtex,0
VPAMTr,0.102
WCOS,0
X5PL3E,0
XAND,0
XANt2pp,0
XANtex,0
XANtpp,0
XMPtex,0
XPPT,0
XTSNH,0
XTSNt2rpp,0
XTSNtex,0
XYLI1,0
XYLI2,-0
XYLK,0
XYLK2,0
XYLUt2pp,0
XYLUtex,0
XYLabcpp,0
XYLt2pp,0
XYLtex,0
ZN2abcpp,0
ZN2t3pp,0
ZN2tpp,0
ZNabcpp,0
Zn2tex,0
